date,open,high,low,close,volume,average,barCount
2023-12-13,54.2,58.75,53.75,58.41,1259500.0,56.57128981636996,8184
2023-12-14,59.84,63.41,59.52,61.43,2246856.0,61.883310308344,14428
2023-12-15,61.56,62.03,59.43,60.23,1061324.0,60.16064856528517,6890
2023-12-18,60.27,60.37,57.6,58.25,992138.0,58.367889660998195,6454
2023-12-19,58.64,59.44,57.94,58.44,778229.0,58.44182776256761,4492
2023-12-20,58.19,58.91,57.08,57.09,1104468.0,58.180643819361364,5505
2023-12-21,58.5,58.79,57.17,58.28,528992.0,57.937704342776144,3409
2023-12-22,57.76,59.47,57.76,58.81,769291.0,58.85376861416864,5136
2023-12-26,58.8,59.12,58.33,58.5,674169.0,58.70397194085918,4330
2023-12-27,58.79,59.11,58.48,59.11,844919.0,58.76926792666074,5722
2023-12-28,58.87,59.68,58.55,59.04,507925.0,58.88449613689879,3510
2023-12-29,58.72,58.93,58.37,58.6,949637.0,58.62811336911914,6492
2024-01-02,58.53,61.14,58.08,59.49,849962.0,59.993567660440014,5753
2024-01-03,58.75,60.55,58.4,58.57,1122302.0,58.97187752966265,6949
2024-01-04,58.41,59.07,57.81,58.08,1038322.0,58.32852002250022,6938
2024-01-05,58.09,60.4,57.87,59.07,612516.0,59.23786264829548,4033
2024-01-08,58.76,60.12,58.43,59.45,616948.0,59.44815413197992,3978
2024-01-09,59.16,59.84,58.64,58.95,521566.0,59.18312924843241,3738
2024-01-10,58.85,59.98,58.16,58.56,738770.0,58.84535608202403,4989
2024-01-11,58.46,60.41,58.11,60.19,693702.0,59.44797356414402,4720
2024-01-12,60.56,61.92,59.1,59.1,707625.0,60.09783625686222,4642
2024-01-16,58.82,59.81,58.64,59.2,520800.0,59.281169045093215,3682
2024-01-17,58.56,59.77,58.24,58.85,531723.0,58.78943317968329,3766
2024-01-18,58.76,60.08,58.76,59.94,649161.0,59.57235381245359,4328
2024-01-19,60.25,61.56,58.71,61.47,740775.0,60.71009561869613,5197
2024-01-22,61.95,63.35,61.23,63.1,980318.0,62.58640541102494,6517
2024-01-23,64.71,66.9,62.87,63.71,1423890.0,64.35086939867227,8816
2024-01-24,64.42,64.55,62.76,63.1,728514.0,63.55734269821669,5237
2024-01-25,63.84,65.3,62.86,63.76,500892.0,63.7945329391791,3624
2024-01-26,64.27,64.95,63.47,63.88,424599.0,64.00858266882811,3041
2024-01-29,63.88,65.58,63.06,64.56,718431.0,64.49549759438106,5015
2024-01-30,64.56,65.28,64.37,64.84,458662.0,64.72593851954375,3368
2024-01-31,65.09,66.25,64.13,64.46,934080.0,65.06244012155955,7298
2024-02-01,64.5,66.97,64.5,66.76,620382.0,66.20596705563045,4292
2024-02-02,66.03,66.38,65.08,65.36,808029.0,65.65445153599424,5254
2024-02-05,64.55,64.61,61.35,62.8,930377.0,62.8901246220134,6906
2024-02-06,62.62,64.33,62.25,63.99,418813.0,63.82538695426362,2998
2024-02-07,64.02,64.37,62.87,63.72,648769.0,63.715469525524924,4130
2024-02-08,62.49,62.94,61.51,61.84,706053.0,62.1428789441846,4891
2024-02-09,61.72,62.2,60.8,61.03,694126.0,61.45541292058212,4523
2024-02-12,61.71,64.09,61.64,63.68,718186.0,63.33461527682508,5251
2024-02-13,62.02,62.76,60.2,62.12,972734.0,61.56822291323497,6244
2024-02-14,62.59,62.67,60.98,61.96,510295.0,61.73888418417135,3577
2024-02-15,61.4,62.57,61.4,62.33,771292.0,62.15059244795572,5051
2024-02-16,62.06,64.27,61.65,62.18,1075971.0,62.85637804301465,7519
2024-02-20,62.12,62.74,59.54,59.6,1021991.0,60.19618342994417,6414
2024-02-21,58.89,60.06,58.27,58.98,847403.0,59.31105887220633,6236
2024-02-22,58.88,59.66,58.14,58.52,986195.0,58.70554882617217,6725
2024-02-23,58.16,59.83,58.16,58.91,1053188.0,59.03240854847405,6837
2024-02-26,58.7,60.78,58.02,58.18,1243463.0,58.795218307511625,8350
2024-02-27,59.81,62.49,59.36,62.43,1823816.0,61.41973796564059,12329
2024-02-28,63.38,66.98,61.54,64.04,5171495.0,65.26009865569486,32093
2024-02-29,66.64,67.42,63.36,65.12,1623298.0,64.67965749691686,10855
2024-03-01,65.14,67.03,63.71,66.78,1162240.0,65.99866664178111,8007
2024-03-04,65.83,67.44,65.67,67.17,1310701.0,66.70348804886864,8632
2024-03-05,67.05,70.12,67.02,70.06,1281259.0,69.32704351902622,8330
2024-03-06,70.63,70.73,67.78,69.33,936638.0,68.99247029295323,6244
2024-03-07,69.46,71.34,69.46,71.04,1157035.0,70.76561197234307,7314
2024-03-08,71.26,72.45,70.03,70.46,919038.0,70.79164504757064,6180
2024-03-11,70.16,73.29,67.93,73.06,2620466.0,71.24577758209627,14535
2024-03-12,74.72,77.38,74.24,75.67,3071795.0,75.751427972411,18822
2024-03-13,75.6,78.05,75.08,77.05,1706290.0,77.15335728281494,10680
2024-03-14,77.14,77.27,75.02,76.68,1546326.0,76.57484449997975,10118
2024-03-15,76.09,78.96,76.09,78.84,1510617.0,78.2997767808,9899
2024-03-18,79.13,81.44,78.1,81.17,1322605.0,80.50776723528764,8668
2024-03-19,81.18,82.29,80.0,80.83,1667769.0,80.78834593496272,11119
2024-03-20,82.12,82.29,80.75,81.8,914785.0,81.47484777059383,6031
2024-03-21,83.0,85.39,82.3,83.35,1633806.0,83.87856838327406,11236
2024-03-22,83.0,83.46,81.98,82.69,821289.0,82.85556494562718,5620
2024-03-25,83.6,84.23,80.87,81.23,1513862.0,81.91741004946279,10358
2024-03-26,81.33,82.06,80.87,81.23,1036774.0,81.53077067293458,6847
2024-03-27,81.84,82.85,81.73,82.26,1223343.0,82.29440754627703,8805
2024-03-28,82.48,83.22,81.98,82.04,745331.0,82.40239659907294,5719
2024-04-01,83.28,83.37,81.85,82.37,669198.0,82.47181813301316,4435
2024-04-02,81.44,82.52,80.41,80.91,783794.0,81.14316710843501,5234
2024-04-03,80.66,81.61,80.44,81.15,575714.0,81.11616984523604,4115
2024-04-04,81.81,82.25,76.33,76.42,1391751.0,78.10597499855025,8024
2024-04-05,76.28,77.1,74.03,74.57,1028491.0,74.93958170049898,6401
2024-04-08,74.72,76.06,74.61,75.33,672971.0,75.11217134737811,5172
2024-04-09,75.41,76.99,75.23,75.65,729275.0,76.0300782961433,5113
2024-04-10,73.76,75.4,72.86,75.16,730197.0,74.6061296376591,4889
2024-04-11,75.44,75.44,71.26,71.92,1126433.0,72.20144607791866,6963
2024-04-12,71.69,72.3,68.08,68.19,976024.0,69.47562215541318,6217
2024-04-15,69.74,70.12,67.68,67.79,860291.0,68.43965429842122,5744
2024-04-16,67.03,69.58,66.57,69.27,784110.0,68.77723859542418,5038
2024-04-17,70.4,72.06,69.89,71.63,958771.0,71.2699455678502,6558
2024-04-18,72.59,74.81,72.02,74.67,1334963.0,74.03059193933017,8001
2024-04-19,74.59,76.21,74.04,76.12,1061643.0,75.34513938811828,6677
2024-04-22,76.62,76.81,74.06,74.69,1047715.0,75.00658780086601,6546
2024-04-23,74.91,75.54,73.39,75.45,789496.0,74.6264427328942,4974
2024-04-24,74.84,75.06,73.34,74.03,456089.0,74.01898445633869,3341
2024-04-25,72.3,72.41,69.47,72.27,857211.0,71.06584732524955,5874
2024-04-26,72.37,73.47,71.72,72.68,417690.0,72.84566138394723,2819
2024-04-29,72.81,73.65,71.52,72.95,754392.0,72.60383882162418,5581
2024-04-30,72.3,73.48,70.39,70.59,1106619.0,71.56206722313647,6786
2024-05-01,70.4,71.78,70.36,70.64,788916.0,70.98072578331185,5608
2024-05-02,71.53,72.56,70.61,72.47,326645.0,71.7564925632442,2222
2024-05-03,73.37,74.86,73.23,73.81,417080.0,74.0528396150639,2873
2024-05-06,74.32,74.58,71.28,71.44,721071.0,71.92770293736893,4747
2024-05-07,71.87,73.08,71.42,72.07,311012.0,72.30301155409433,1952
2024-05-08,71.18,72.86,70.9,72.33,270068.0,72.2440068488875,2055
2024-05-09,72.1,73.34,71.58,73.17,405893.0,72.81277351547133,3017
2024-05-10,73.66,73.9,72.07,72.58,286204.0,72.7179790710407,1986
2024-05-13,73.1,74.96,72.74,72.84,781993.0,73.6020823588938,5314
2024-05-14,73.88,74.38,72.39,73.17,413229.0,73.2171008396755,3046
2024-05-15,73.87,74.61,72.98,73.38,728065.0,73.60691881014029,4992
2024-05-16,71.7,73.41,70.94,71.53,962354.0,72.09891331149372,6395
2024-05-17,71.04,72.28,70.65,72.11,499509.0,71.64428689432637,3468
2024-05-20,72.03,72.15,69.96,70.27,853079.0,70.58897323234855,5913
2024-05-21,70.27,70.77,67.64,68.41,1124232.0,68.44158887891982,7421
2024-05-22,68.21,68.99,67.57,67.94,513351.0,68.12625225765053,3587
2024-05-23,67.71,67.83,66.47,67.15,900400.0,67.08834982016,5395
2024-05-24,67.61,68.28,67.08,67.29,657394.0,67.63873797200728,4350
2024-05-28,67.6,69.28,67.47,67.88,1528432.0,68.27424766579226,9650
2024-05-29,62.22,65.64,58.63,60.44,5446948.0,61.91915072794242,32411
2024-05-30,60.47,65.3,60.46,64.77,1889288.0,64.07330611311619,12782
2024-05-31,65.67,68.36,65.42,68.33,1544511.0,67.24408355029605,10134
2024-06-03,68.08,68.76,64.11,65.21,945811.0,65.30079743946798,6107
2024-06-04,64.81,64.81,62.4,63.08,691721.0,63.12536166880979,4525
2024-06-05,63.6,64.02,61.72,63.14,967090.0,62.54402022898516,6295
2024-06-06,63.53,63.72,62.03,62.45,556702.0,62.63784738316651,3815
2024-06-07,61.71,62.84,61.47,62.47,582697.0,62.17258077325695,3665
2024-06-10,62.08,62.22,60.87,61.12,1097751.0,61.289444775653166,6499
2024-06-11,61.17,61.83,60.39,61.66,600753.0,61.2981503878968,3400
2024-06-12,62.66,64.23,62.42,62.81,719640.0,63.16405327878147,4240
2024-06-13,62.44,63.33,60.79,61.84,1100060.0,61.68023003636722,6209
2024-06-14,61.2,61.54,58.81,61.35,1049716.0,60.25831336990767,6827
2024-06-17,61.04,63.02,60.52,62.07,998603.0,62.221912575970855,6820
2024-06-18,61.99,63.03,61.99,62.18,448919.0,62.39312295009558,2957
2024-06-20,61.82,64.22,61.74,63.98,813520.0,63.45037119257199,5528
2024-06-21,63.96,64.84,63.02,63.61,858416.0,63.7831190383285,5862
2024-06-24,63.52,63.92,62.85,63.16,865534.0,63.23176359623195,6394
2024-06-25,62.92,63.06,61.33,61.61,689393.0,61.69280480960804,4776
2024-06-26,61.02,61.42,59.7,59.77,581670.0,60.23219653317678,3794
2024-06-27,59.8,61.3,59.27,60.65,686442.0,60.723579979817224,4558
2024-06-28,60.8,61.38,59.94,61.26,579462.0,60.69359398208917,4198
2024-07-01,60.53,60.77,57.51,57.76,1054216.0,58.357588030048476,5970
2024-07-02,57.32,58.74,57.05,58.62,821072.0,58.270531907612174,5559
2024-07-03,58.8,59.13,57.71,57.9,437369.0,58.07223740650728,2812
2024-07-05,57.77,57.96,56.11,56.8,964051.0,56.69288151101658,6331
2024-07-08,57.39,58.03,56.49,57.36,723969.0,57.29647062657492,4922
2024-07-09,57.11,57.2,55.94,56.02,653351.0,56.41236733872185,4250
2024-07-10,56.93,56.95,56.27,56.82,431450.0,56.591316034840915,3017
2024-07-11,57.95,60.09,57.46,59.71,691133.0,59.247553430360654,4498
2024-07-12,60.14,62.14,59.78,61.11,1001161.0,61.39784248655164,6342
2024-07-15,60.8,61.79,60.02,60.62,665011.0,60.9539933001563,4495
2024-07-16,61.05,62.27,60.51,61.83,536549.0,61.59402965427999,3997
2024-07-17,61.22,63.05,60.42,62.59,803323.0,62.444821530171275,5359
2024-07-18,62.09,62.97,59.45,59.5,761366.0,61.0346048591734,5167
2024-07-19,59.44,59.58,57.64,57.9,643618.0,58.20445928115148,4598
2024-07-22,57.96,58.31,57.08,58.03,691646.0,57.921833212790325,4119
2024-07-23,56.97,58.12,56.65,57.92,651972.0,57.671257523315475,4145
2024-07-24,57.79,58.49,56.77,57.24,754551.0,57.22740833692014,4206
2024-07-25,57.15,59.67,57.15,58.44,1158188.0,58.598776063813396,5972
2024-07-26,59.03,59.93,58.59,59.01,806807.0,59.00863242411719,5249
2024-07-29,59.24,59.94,58.85,59.23,871188.0,59.39809308876605,5179
2024-07-30,59.3,61.48,59.02,61.27,864763.0,60.51500023177401,6061
2024-07-31,61.32,62.72,61.0,61.51,602511.0,61.88248306425681,4321
2024-08-01,61.8,61.85,59.04,60.34,535462.0,59.955575436667424,3898
2024-08-02,59.32,59.76,57.16,59.29,713586.0,58.42492703894521,4688
2024-08-05,56.67,57.87,55.38,57.17,776928.0,56.96614918781655,5327
2024-08-06,56.68,57.82,55.83,56.54,435210.0,57.04578952323103,2893
2024-08-07,57.44,58.84,56.9,57.29,596768.0,57.59938697672193,4184
2024-08-08,57.4,59.34,57.3,59.17,751239.0,58.77359631228421,3818
2024-08-09,59.57,59.57,58.2,58.48,463325.0,58.59489116940294,3088
2024-08-12,58.83,58.83,56.15,56.39,786732.0,57.04773197043626,5441
2024-08-13,56.67,58.72,56.45,58.46,482743.0,58.13161751095529,3214
2024-08-14,58.9,59.6,58.27,58.76,478373.0,58.85517909490392,3171
2024-08-15,60.33,61.3,59.66,60.59,643287.0,60.55384917587864,4197
2024-08-16,60.48,60.99,59.96,60.4,532509.0,60.43147500194906,3672
2024-08-19,60.4,60.43,58.78,59.15,600549.0,59.30194195210709,3827
2024-08-20,59.1,59.42,58.55,59.06,554982.0,59.03679790859302,4067
2024-08-21,59.71,60.19,59.06,60.14,1071254.0,59.75841704533643,7379
2024-08-22,47.01,52.34,46.89,49.63,10194059.0,49.95002988252129,51020
2024-08-23,49.82,50.01,46.59,47.74,5082034.0,47.96582006237759,24351
2024-08-26,48.28,48.4,46.97,47.7,2300323.0,47.59287019897318,13399
2024-08-27,47.59,47.64,46.4,46.47,2247712.0,46.98294177653056,11531
2024-08-28,46.02,46.91,45.13,45.3,1915071.0,45.80290509935258,10215
2024-08-29,45.4,45.5,44.47,44.82,1904286.0,45.07254495018563,10265
2024-08-30,45.12,45.28,43.61,44.01,1954848.0,44.04013426060522,10083
2024-09-03,43.22,43.9,42.44,42.46,1711936.0,42.92128467039203,8673
2024-09-04,42.31,42.47,40.73,41.2,2275172.0,41.34110386893642,12131
2024-09-05,41.28,41.44,39.14,39.3,2536396.0,39.75703817307034,12963
2024-09-06,39.24,40.0,38.39,38.62,2753246.0,38.88876427233198,13030
2024-09-09,38.61,39.21,37.51,37.61,2204364.0,38.235130787771666,12177
2024-09-10,37.48,38.33,37.01,37.42,1684577.0,37.59315198644274,9465
2024-09-11,37.39,37.78,36.43,37.65,1967343.0,37.205633768999114,10754
2024-09-12,37.67,38.38,37.21,38.34,1128588.0,38.013691806375306,6051
2024-09-13,38.85,40.32,38.7,40.24,1985240.0,39.68322517927155,11774
2024-09-16,40.6,40.77,39.2,39.96,1618316.0,39.845419520908365,8264
2024-09-17,40.43,40.54,39.56,40.14,4061404.0,40.03869301782887,21509
2024-09-18,40.24,41.67,39.96,40.86,3346993.0,40.68941283158133,16411
2024-09-19,41.81,42.14,40.67,41.21,1027609.0,41.21581602419898,6464
2024-09-20,41.07,41.42,39.56,39.81,1333400.0,40.05714626627856,8241
2024-09-23,39.83,39.88,38.81,39.4,1130878.0,39.331642235124676,7245
2024-09-24,39.43,40.07,39.09,39.73,1192659.0,39.63466399914075,7819
2024-09-25,39.78,39.78,38.04,38.46,1400579.0,38.49736116047787,8534
2024-09-26,38.74,39.72,38.73,39.07,2148527.0,39.22577886243958,8985
2024-09-27,39.66,41.27,39.66,40.19,1771633.0,40.5204199247262,11036
2024-09-30,39.82,39.99,37.77,37.87,2234631.0,38.323512135609676,11560
2024-10-01,37.39,37.63,36.44,36.69,2113484.0,36.87930263852026,10802
2024-10-02,36.72,37.22,36.0,36.1,1775824.0,36.428654886906614,8525
2024-10-03,35.84,38.11,35.35,37.77,3459870.0,37.16484237768925,15324
2024-10-04,38.27,38.7,35.98,37.58,3737552.0,37.30178490565805,16931
2024-10-07,37.76,38.77,37.38,37.97,1813907.0,38.0496270796721,8485
2024-10-08,37.59,38.1,37.2,37.73,1216531.0,37.7019290299357,7630
2024-10-09,37.9,38.31,36.92,37.33,1931940.0,37.346461191378374,9383
2024-10-10,37.16,37.26,36.17,36.32,1432282.0,36.47335993025716,7363
2024-10-11,36.27,36.99,36.22,36.7,1015396.0,36.64349007067119,5478
2024-10-14,36.71,38.62,36.57,38.59,1641949.0,38.050485887083816,8689
2024-10-15,39.5,40.5,38.43,38.59,2373558.0,39.057578097580695,13333
2024-10-16,39.04,39.04,37.72,37.76,1345791.0,38.16195046183784,7308
2024-10-17,37.54,38.6,37.39,38.5,1500947.0,38.2841703902962,7600
2024-10-18,38.92,39.56,38.69,38.93,766157.0,39.09668847468736,4524
2024-10-21,38.94,40.24,38.82,40.07,1762214.0,39.630545122193475,10047
2024-10-22,39.48,39.61,37.88,37.89,2046315.0,38.351635790805204,10076
2024-10-23,37.88,37.99,36.23,37.01,1722779.0,36.90944063499657,9083
2024-10-24,36.8,37.3,36.08,36.45,1478597.0,36.56722483531316,7922
2024-10-25,36.63,36.72,35.85,35.92,1233501.0,36.16243243225907,6096
2024-10-28,36.04,36.98,35.93,36.27,1571576.0,36.45576026055914,7786
2024-10-29,36.07,36.27,35.03,35.05,2050689.0,35.517111209998944,9460
2024-10-30,35.28,36.28,34.97,35.15,1987338.0,35.52102224770962,9069
2024-10-31,35.2,35.35,34.8,34.9,1536855.0,35.0164983830335,8498
2024-11-01,35.0,35.6,34.82,35.44,1474354.0,35.237472013686215,6813
2024-11-04,35.54,38.07,35.5,36.62,2275378.0,37.128458746793946,12431
2024-11-05,36.42,37.56,36.42,37.31,1078804.0,37.22232365184997,6420
2024-11-06,37.92,38.46,37.04,37.98,1202827.0,37.98204272714712,7068
2024-11-07,38.13,38.4,37.67,38.11,931447.0,38.11697352816515,6172
2024-11-08,37.71,37.88,36.48,37.06,1887699.0,36.97495051665025,10297
2024-11-11,37.16,39.7,37.16,39.64,1674361.0,38.86887052804097,9270
2024-11-12,39.11,39.65,38.65,39.02,1119762.0,39.018467720474,6823
2024-11-13,39.39,40.54,39.18,40.03,2134723.0,40.158535213133575,13137
2024-11-14,42.52,44.45,40.18,40.28,5581928.0,41.96836791374494,30858
2024-11-15,39.37,40.21,36.58,36.85,4107958.0,37.416897777955676,21363
2024-11-18,36.72,39.3,36.71,39.2,2284574.0,38.33599163996253,12705
2024-11-19,38.47,38.74,37.26,37.64,1700771.0,37.92142164263178,9670
2024-11-20,38.03,38.67,37.12,37.77,1439809.0,37.7229364788154,8494
2024-11-21,37.77,38.11,37.34,37.83,1646525.0,37.81191258673309,7534
2024-11-22,37.84,39.97,37.82,39.88,1698638.0,39.13579885179403,9287
2024-11-25,40.83,42.77,40.47,42.45,1878129.0,42.16783083698898,10131
2024-11-26,41.35,42.95,41.28,42.86,1295334.0,42.33698321797535,8148
2024-11-27,43.12,43.88,42.35,43.45,1199271.0,43.39394115928323,7198
2024-11-29,43.05,43.08,40.1,40.43,2013449.0,40.875232873613385,9422
2024-12-02,41.05,42.32,40.49,41.65,1515907.0,41.642774024331864,8747
2024-12-03,41.51,41.91,40.61,41.69,971834.0,41.52153185530118,6005
2024-12-04,41.44,43.86,41.28,43.03,1363638.0,43.14656802408351,8579
2024-12-05,43.25,43.75,42.59,42.64,1390243.0,43.10452436869383,9124
2024-12-06,43.04,44.23,42.97,43.97,1365571.0,43.78797820863297,8905
2024-12-09,44.44,47.86,44.26,46.38,2693609.0,46.77992205729359,15475
2024-12-10,46.26,46.59,44.89,46.01,1166343.0,45.89896081296574,7811
2024-12-11,46.02,46.42,44.21,44.53,733268.0,44.7667153957275,4377
2024-12-12,44.32,44.62,41.97,43.06,1257527.0,42.755464253016754,7120
2024-12-13,42.77,43.17,41.96,42.88,716255.0,42.64008864055206,4186
2024-12-16,42.59,44.75,42.43,43.0,1004882.0,43.52202764430757,5214
2024-12-17,42.56,43.6,42.26,43.47,764212.0,43.19741151432217,4165
2024-12-18,43.61,44.31,41.97,42.01,998739.0,42.98328219966313,5755
2024-12-19,42.48,43.18,40.25,41.03,1158619.0,41.19398244703276,7349
2024-12-20,40.74,42.86,40.53,42.55,1098361.0,42.22062984608297,6580
2024-12-23,42.08,42.88,41.65,42.78,734190.0,42.30569491628999,4526
2024-12-24,42.8,43.0,41.92,42.76,273246.0,42.672354701665064,1742
2024-12-26,42.41,44.29,42.37,43.26,769002.0,43.52789420087358,4746
2024-12-27,43.02,44.03,42.83,43.08,662016.0,43.20914462745418,4120
2024-12-30,42.8,45.58,42.4,45.03,1682510.0,44.65329530211815,10416
2024-12-31,45.07,46.63,45.04,46.24,1512065.0,46.07300199109045,8714
2025-01-02,46.31,47.08,45.62,47.07,1093017.0,46.64792453455858,6804
2025-01-03,47.12,47.59,44.49,45.31,1045826.0,45.234084402152284,6216
2025-01-06,45.74,48.42,45.57,46.72,1501908.0,47.07227212616599,9679
2025-01-07,46.88,47.03,44.62,44.97,909878.0,45.13826397824092,4969
2025-01-08,44.59,45.22,43.66,44.52,833715.0,44.37089622434674,5412
2025-01-10,44.49,45.97,43.61,45.42,1014360.0,45.31669406104039,5893
2025-01-13,45.06,45.44,43.67,44.09,1689672.0,44.49280779581245,11292
2025-01-14,44.34,44.76,43.04,43.94,892260.0,43.73774257899255,5670
2025-01-15,45.32,45.69,43.61,43.62,589079.0,44.36303096167151,3475
2025-01-16,43.46,45.21,42.97,44.96,637977.0,44.395475170206744,3936
2025-01-17,45.38,46.4,45.12,45.14,733263.0,45.52610667976777,4616
2025-01-21,45.2,46.05,44.74,45.4,892413.0,45.45630247352531,5862
2025-01-22,45.33,46.4,44.96,45.7,882954.0,45.80827297824084,5420
2025-01-23,45.7,47.36,45.51,46.57,1026752.0,46.62527713862798,7159
2025-01-24,46.56,47.76,46.23,47.62,763865.0,47.251548679141344,5157
2025-01-27,47.54,48.55,47.18,48.39,1084473.0,48.10689599507012,7692
2025-01-28,48.38,48.67,47.2,47.94,613749.0,47.869954956979505,4141
2025-01-29,47.98,48.44,47.4,47.92,679385.0,48.086249680547695,4748
2025-01-30,48.41,49.74,48.26,48.95,1183351.0,48.99960330870613,8298
2025-01-31,48.72,49.05,47.21,47.68,884983.0,47.90731495468674,6342
2025-02-03,46.35,47.96,45.44,47.39,834104.0,46.98609606385311,5692
2025-02-04,47.74,49.12,47.71,48.74,828115.0,48.7371001669211,6180
2025-02-05,48.74,49.55,47.91,48.17,558150.0,48.48147912997687,3999
2025-02-06,48.89,49.57,47.91,48.06,640454.0,48.53555281086892,4185
2025-02-07,47.84,48.04,45.13,45.18,1192772.0,45.82596981926006,6970
2025-02-10,45.28,45.95,44.41,44.48,1036375.0,45.00896565887292,7190
2025-02-11,44.3,46.25,43.75,46.21,1020228.0,45.341273006900416,6706
2025-02-12,45.21,46.72,44.86,46.69,979094.0,46.09732138155471,6666
2025-02-13,47.82,48.54,46.81,47.77,1273720.0,47.97220337175721,7969
2025-02-14,48.17,48.19,46.69,47.06,554263.0,47.12078868716603,3699
2025-02-18,46.97,46.99,43.82,43.82,1917151.0,44.40825622205397,9764
2025-02-19,43.49,44.38,43.3,43.57,912038.0,43.72496152714534,5944
2025-02-20,43.9,44.05,42.69,43.59,1053025.0,43.43492996599707,6280
2025-02-21,44.28,44.51,41.98,42.71,1356719.0,42.76933211210766,7826
2025-02-24,42.71,43.66,41.84,42.09,1380430.0,42.65823527682036,8576
2025-02-25,42.41,45.29,42.08,45.11,2764985.0,44.06513413784804,15189
2025-02-26,42.77,43.27,36.43,37.07,6392641.0,38.34020606813165,32962
2025-02-27,37.12,38.04,35.82,36.34,3387623.0,36.86546931653031,20798
2025-02-28,36.38,37.44,35.56,36.28,1666641.0,36.3070356665906,9621
2025-03-03,36.48,36.59,34.43,34.81,2100920.0,35.27766941397286,12245
2025-03-04,34.16,35.21,33.99,34.0,1849389.0,34.57274524670743,10200
2025-03-05,33.92,34.59,33.37,33.77,1784188.0,33.96613686288208,8807
2025-03-06,33.49,34.62,32.96,33.06,2030979.0,33.45194531549041,11868
2025-03-07,32.94,35.0,32.51,34.77,2183772.0,34.047738963137355,13617
2025-03-10,34.72,37.13,34.66,35.96,2820676.0,36.35029461130425,15282
2025-03-11,36.75,37.56,35.73,35.9,1855566.0,36.25591145920177,12429
2025-03-12,36.06,37.1,35.04,36.95,1402130.0,36.191023042131306,9270
2025-03-13,36.98,37.9,36.53,37.5,1378585.0,37.15648403551298,8276
2025-03-14,37.73,38.08,36.54,36.96,1113215.0,37.41210507245722,6758
2025-03-17,36.85,37.68,36.38,37.2,1064097.0,37.17024824519459,6524
2025-03-18,37.01,37.61,36.42,37.08,887809.0,37.15943350901619,5287
2025-03-19,37.3,37.73,36.13,36.3,947903.0,36.604932490414086,5542
2025-03-20,36.02,37.72,35.7,37.01,1004385.0,37.082747197932925,6324
2025-03-21,36.7,37.34,36.47,36.83,877151.0,36.90086299856876,5629
2025-03-24,37.03,38.16,37.0,37.94,1047682.0,37.74146294698152,5900
2025-03-25,38.0,38.0,36.75,36.91,672872.0,37.15255140417539,4236
2025-03-26,36.98,37.63,36.41,37.18,859731.0,37.143702983665776,5183
2025-03-27,37.29,40.97,37.11,39.69,3492052.0,39.648789145719256,17424
2025-03-28,39.33,39.8,37.74,38.29,1744816.0,38.309728175265235,10756
2025-03-31,37.71,38.98,37.61,38.55,1439679.0,38.558467107368664,9174
2025-04-01,38.22,39.13,37.93,38.36,846867.0,38.40312816953331,4969
2025-04-02,37.8,39.09,37.7,38.66,1324253.0,38.686277625840766,6663
2025-04-03,37.36,38.52,35.79,36.0,2341800.0,36.93920615411037,12718
2025-04-04,35.19,36.3,33.9,34.42,1709266.0,34.77527576059401,9751
2025-04-07,33.31,34.63,31.23,31.88,2771857.0,32.172856972934845,16655
2025-04-08,32.82,33.31,29.66,29.8,2001137.0,31.164137034839527,12255
2025-04-09,29.48,33.72,28.4,32.91,2541290.0,30.963572836621747,17602
2025-04-10,32.12,32.12,30.26,31.63,1924293.0,31.182301430242397,12384
2025-04-11,31.45,32.34,30.36,31.97,1984021.0,31.724300759201487,10783
2025-04-14,32.67,32.75,31.46,32.58,901629.0,32.28116295824172,6143
2025-04-15,32.53,33.25,31.97,32.09,808951.0,32.404029350912516,5075
2025-04-16,31.89,32.31,30.4,30.6,1125434.0,30.998001841236192,7097
2025-04-17,30.76,31.88,30.2,31.58,940378.0,31.341829569113347,5429
2025-04-21,31.27,32.43,30.69,32.34,1207116.0,31.741145345293447,7070
2025-04-22,32.83,33.32,32.28,32.64,1003634.0,32.7300216346923,5604
2025-04-23,33.75,34.28,32.05,32.44,1361274.0,32.84496116331982,8507
2025-04-24,32.38,32.84,31.21,32.64,911720.0,32.28413553225795,5775
2025-04-25,32.2,32.78,32.01,32.58,679526.0,32.478343701318245,4382
2025-04-28,32.58,33.0,31.88,32.33,620677.0,32.242519496030745,3952
2025-04-29,32.03,33.04,31.6,33.01,753292.0,32.53581346563201,4783
2025-04-30,32.71,32.71,31.51,32.42,720097.0,32.16325085559797,4675
2025-05-01,32.61,33.33,32.31,32.67,881191.0,32.76470166488164,5644
2025-05-02,33.28,33.97,32.85,33.1,861625.0,33.228423211413364,4904
2025-05-05,32.95,32.95,31.47,31.52,1269570.0,32.064165055057,6871
2025-05-06,30.97,31.83,30.81,31.16,1056808.0,31.285350662804998,6026
2025-05-07,31.41,32.05,30.97,31.07,996891.0,31.364619303237774,5837
2025-05-08,31.41,31.73,30.78,31.1,1080937.0,31.202118590350587,5847
2025-05-09,31.21,31.58,30.56,30.6,900057.0,30.9474680829603,4568
2025-05-12,32.39,33.19,32.19,33.07,1646989.0,32.79046397302229,9993
2025-05-13,33.41,33.75,32.69,32.93,912750.0,33.05403220246126,5669
2025-05-14,32.7,33.0,31.94,32.42,1116052.0,32.40799278293415,7108
2025-05-15,32.3,34.15,32.26,34.11,1089307.0,33.741687658215575,6054
2025-05-16,34.34,35.29,34.34,34.71,1020466.0,34.84847605025818,6511
2025-05-19,33.97,34.68,33.78,34.07,2091027.0,34.12415884830371,10075
2025-05-20,34.05,34.97,33.8,33.85,1454990.0,34.37781849768859,7963
2025-05-21,32.98,33.17,30.99,31.02,3265595.0,31.72925504922853,18414
2025-05-22,42.68,49.58,41.24,48.72,20621118.0,46.60896971646558,93739
2025-05-23,49.04,49.06,45.88,48.23,6648365.0,47.206457093727614,33744
2025-05-27,49.3,49.48,47.51,49.15,3194964.0,48.785884754350626,18434
2025-05-28,49.54,52.42,49.14,52.23,4510774.0,51.62667465586017,24319
2025-05-29,52.38,52.64,46.58,47.92,3616487.0,48.460883328576266,21027
2025-05-30,47.61,48.4,47.1,47.49,1579133.0,47.705849528454095,8771
2025-06-02,47.46,49.51,46.64,49.28,1385191.0,48.498535932781834,8123
2025-06-03,50.54,52.06,49.34,51.49,2024787.0,51.168898257360894,12584
2025-06-04,51.44,51.72,50.4,51.21,1222308.0,51.042068432668465,7797
2025-06-05,51.32,52.2,51.04,51.84,1149283.0,51.75152276454179,7271
2025-06-06,52.36,52.46,51.53,52.02,911419.0,51.89222460130996,5642
2025-06-09,52.42,52.83,50.93,51.62,1272817.0,51.92492291548849,8432
2025-06-10,52.36,52.81,50.98,52.76,1336702.0,52.346037567787604,8439
2025-06-11,52.82,53.11,50.96,51.05,993557.0,51.71783359235787,6037
2025-06-12,50.55,51.27,50.03,50.35,1036595.0,50.618972064358545,6655
2025-06-13,49.6,50.53,47.5,48.03,1196152.0,48.34495294194334,7747
2025-06-16,48.55,48.88,47.59,48.02,1243718.0,48.123991606736986,7475
2025-06-17,47.79,48.33,47.36,47.79,802078.0,47.85447822926556,5121
2025-06-18,47.9,49.02,47.79,48.11,1142801.0,48.35882495401909,7738
2025-06-20,48.34,49.08,47.99,48.97,728141.0,48.579786289225446,4360
2025-06-23,48.9,51.55,48.41,51.46,1308398.0,50.53573999190414,8492
2025-06-24,49.45,49.54,46.3,47.82,3744028.0,47.621626597994286,19251
2025-06-25,47.87,47.87,45.78,46.25,1716672.0,46.37413636918351,9890
2025-06-26,46.29,46.64,44.64,45.86,1522576.0,45.807365590089184,9625
2025-06-27,46.28,47.03,45.43,46.07,1778189.0,46.166056188047484,10508
2025-06-30,46.84,46.84,44.4,46.06,1466330.0,45.4090406719145,8927
2025-07-01,45.98,50.29,45.67,49.02,2183820.0,49.02170895963816,12850
2025-07-02,49.39,49.5,48.02,48.56,885375.0,48.54510625903611,5470
2025-07-03,49.01,51.47,48.75,51.15,1077308.0,50.83596996754327,6573
2025-07-07,50.56,53.84,50.34,53.72,1404196.0,52.76318878806509,9575
2025-07-08,53.83,55.34,52.57,55.2,1962110.0,54.19101517386042,11540
2025-07-09,55.47,57.95,55.23,57.84,1176939.0,56.92578326879112,7844
2025-07-10,57.81,61.32,57.73,59.06,2178601.0,59.60737976947534,13101
2025-07-11,58.55,62.95,58.39,62.25,1924488.0,61.35963076311604,10553
2025-07-14,62.0,62.02,58.71,61.7,1660655.0,60.91385651828297,9410
2025-07-15,62.51,62.65,61.09,62.09,1055001.0,61.67306577901429,6924
2025-07-16,62.52,62.87,60.05,61.98,1314538.0,61.40838732114465,7904
2025-07-17,62.46,63.14,60.61,60.78,1644993.0,61.62231915739267,10041
2025-07-18,61.3,61.31,60.37,60.83,732306.0,60.75564646263909,5108
2025-07-21,61.57,63.3,60.2,62.49,1176210.0,62.23724880763114,7531
2025-07-22,62.65,66.16,61.49,65.3,1558081.0,63.9297978934817,9118
2025-07-23,65.36,67.92,64.79,66.17,2339181.0,66.08503676470586,12423
2025-07-24,69.65,69.65,59.01,59.35,3378390.0,62.687003179650226,22036
2025-07-25,59.6,59.95,56.06,58.39,1845656.0,58.04219475357709,12454
2025-07-28,57.84,58.52,56.19,57.21,991406.0,56.87104232909379,6537
2025-07-29,57.22,57.22,55.53,56.46,1292181.0,56.38546681240062,9266
2025-07-30,57.14,57.21,54.75,55.55,729313.0,55.74367130365658,4995
2025-07-31,55.18,55.57,52.65,52.81,1040715.0,53.61430325914148,6676
2025-08-01,52.74,53.29,51.58,52.45,1034020.0,52.20931836248011,6989
2025-08-04,53.22,53.77,52.57,53.26,872024.0,53.105842011128765,5742
2025-08-05,53.37,57.24,53.3,56.81,1754014.0,55.74367130365659,10901
2025-08-06,56.81,60.89,56.25,60.13,1819201.0,59.39643302861684,11096
2025-08-07,60.31,61.09,57.62,58.05,1193306.0,58.51383982511923,7986
2025-08-08,58.14,58.81,57.18,58.79,612092.0,58.231250794912555,3987
2025-08-11,59.7,60.2,58.17,59.07,833228.0,59.0879731717011,5286
2025-08-12,59.39,60.59,58.52,58.82,779416.0,59.42429391891892,5282
2025-08-13,58.81,62.05,58.63,61.5,1475714.0,60.85116951510334,9164
2025-08-14,53.73,57.35,51.69,56.57,5311133.0,54.98744713831479,31512
2025-08-15,56.57,58.92,56.06,56.56,2244469.0,57.38248867249603,14452
2025-08-18,56.83,57.18,55.81,56.32,817417.0,56.58745826709063,5532
2025-08-19,56.3,57.19,55.57,56.04,758897.0,55.990439189189196,5205
2025-08-20,55.99,56.9,55.49,56.28,589046.0,56.17850019872815,4204
2025-08-21,55.28,56.06,53.96,55.32,617883.0,55.25113056438793,3836
2025-08-22,55.91,58.18,55.28,57.5,685329.0,57.55761426868045,4420
2025-08-25,57.27,59.65,57.08,59.18,717955.0,58.8272748410175,4736
2025-08-26,59.24,60.93,59.08,59.89,825982.0,60.09793044515104,5464
2025-08-27,59.75,60.93,59.73,60.47,404516.0,60.53375437201909,2835
2025-08-28,60.5,61.09,59.75,60.22,493121.0,60.33474801271861,3166
2025-08-29,60.58,61.13,59.95,60.69,543113.0,60.636242647058836,3494
2025-09-02,59.74,60.7,58.94,59.27,748871.0,59.64519097774246,4889
2025-09-03,58.96,59.26,57.58,58.79,700222.0,58.36558008744039,4832
2025-09-04,58.87,59.93,58.34,59.76,467917.0,59.37852245627981,3203
2025-09-05,60.15,60.88,59.49,60.14,414547.0,60.08599006359301,2939
2025-09-08,60.18,61.24,59.83,60.7,617396.0,60.75365639904611,4410
2025-09-09,60.51,60.87,57.85,59.24,813727.0,58.95065878378379,5174
2025-09-10,59.02,60.05,58.63,58.84,694910.0,59.22727762321145,4261
2025-09-11,59.64,61.97,59.27,61.89,719595.0,60.820323529411766,4464
2025-09-12,61.44,61.51,60.13,60.79,761096.0,60.72380544515104,5287
2025-09-15,60.95,64.24,60.57,63.85,1259859.0,63.043224562798095,8949
2025-09-16,64.2,64.89,62.83,62.92,1257449.0,63.46611307631161,8882
2025-09-17,62.88,64.38,61.35,62.37,736654.0,62.72580941971383,5438
2025-09-18,61.68,62.74,59.73,59.82,1076411.0,60.885995627980925,7005
2025-09-19,59.69,59.97,57.37,58.41,1078372.0,58.32179868839428,6267
2025-09-22,58.59,60.94,58.54,59.86,1255647.0,59.97554153418125,7866
2025-09-23,59.84,60.95,58.24,59.81,987063.0,59.420313791732916,6485
2025-09-24,59.59,61.08,58.86,60.75,578034.0,60.40738533386328,4020
2025-09-25,59.85,60.16,58.99,59.53,529283.0,59.61633505564388,3995
2025-09-26,59.29,61.05,59.04,60.7,537749.0,60.46310711446741,3612
2025-09-29,61.24,63.21,60.21,62.64,1195878.0,61.90789328298887,7904
2025-09-30,62.45,62.45,60.52,61.09,944831.0,61.18152007154213,5997
2025-10-01,61.12,61.73,60.27,61.59,588313.0,61.00937957074722,3372
2025-10-02,61.34,62.33,60.87,61.83,518724.0,61.729782591414946,3250
2025-10-03,61.93,62.54,61.02,61.04,472828.0,61.48102464228935,3369
2025-10-06,61.08,61.17,57.53,58.02,876835.0,58.6213032591415,5272
2025-10-07,58.0,58.24,56.46,56.56,489797.0,56.96955047694753,3297
2025-10-08,57.04,57.04,51.74,52.33,1706487.0,53.15260850556439,10788
2025-10-09,51.74,52.18,49.92,50.07,1548191.0,50.739,9052
2025-10-10,50.43,50.56,49.13,49.48,1085197.0,49.694,7656
2025-10-13,49.65,54.26,49.5,54.05,1399684.0,52.65,9713
2025-10-14,53.69,55.14,52.88,54.92,669006.0,54.283,4551
2025-10-15,54.88,57.06,53.39,53.6,553998.0,54.701,3691
2025-10-16,53.91,54.52,53.15,53.57,543249.0,53.665,4020
2025-10-17,53.53,54.19,52.91,53.72,627577.0,53.555,4337
2025-10-20,52.78,53.52,52.15,52.9,460031.0,52.898,3329
2025-10-21,52.96,55.86,52.25,55.34,633027.0,54.949,4465
2025-10-22,54.58,56.3,54.39,56.11,517974.0,55.478,3728
2025-10-23,56.09,56.33,52.8,55.0,1146329.0,54.547,7531
2025-10-24,55.72,56.09,54.33,54.56,449714.0,55.097,3457
2025-10-27,55.9,56.35,54.75,56.32,500914.0,55.775,3540
2025-10-28,56.07,57.73,55.66,57.0,528504.0,56.842,3570
2025-10-29,56.83,57.22,54.36,55.13,1109193.0,55.831,8207
2025-10-30,59.41,60.94,50.44,50.7,3289355.0,54.275,19355
2025-10-31,50.0,51.02,45.5,47.13,2212046.0,46.984,13458
2025-11-03,47.34,48.38,46.02,47.41,1540721.0,47.554,10227
2025-11-04,46.9,48.92,46.39,48.09,1025356.0,48.099,7182
2025-11-05,48.3,50.11,48.17,48.66,652313.0,49.116,4332
2025-11-06,48.5,49.39,47.03,47.47,592709.0,47.663,3782
2025-11-07,47.47,49.0,46.51,48.67,540249.0,48.249,3372
2025-11-10,48.28,48.57,46.11,47.55,692255.0,47.132,4048
2025-11-11,47.7,51.14,47.11,51.06,1011435.0,49.981,5890
2025-11-12,51.31,52.17,50.34,51.02,732916.0,51.15,4790
2025-11-13,51.26,52.0,50.01,50.22,696123.0,50.679,4497
2025-11-14,49.51,50.2,49.07,50.03,407052.0,49.808,2977
2025-11-17,49.39,49.87,48.11,48.93,436104.0,49.153,2914
2025-11-18,48.33,50.43,48.08,49.76,389383.0,49.58,2628
2025-11-19,49.94,50.5,48.59,50.04,464922.0,49.704,3099
2025-11-20,50.38,51.14,48.09,48.37,616125.0,48.857,3529
2025-11-21,48.92,52.27,48.66,51.7,782252.0,51.195,4954
2025-11-24,50.9,52.41,50.47,50.93,527568.0,51.56,3891
2025-11-25,51.25,53.22,51.01,51.06,814892.0,51.773,5179
2025-11-26,51.0,52.29,50.89,51.49,505459.0,51.589,3680
2025-11-28,51.27,53.12,50.9,51.88,355673.0,52.344,2403
2025-12-01,52.15,54.19,51.81,52.84,536638.0,53.184,3816
2025-12-02,53.15,53.94,52.17,52.69,497362.0,52.842,3525
2025-12-03,52.71,53.88,52.38,53.53,440185.0,53.292,3072
2025-12-04,53.33,53.86,52.18,52.5,343744.0,52.723,2283
2025-12-05,52.7,54.73,52.16,52.47,624401.0,53.576,3741
2025-12-08,52.47,52.61,50.73,51.08,458638.0,51.532,3111
2025-12-09,50.12,50.24,45.95,46.31,1601460.0,47.199,9234
2025-12-10,46.01,49.96,45.44,49.05,1801621.0,47.91,10531
2025-12-11,49.27,49.49,48.01,48.29,636296.0,48.448,4472
